description,price,bioequivalent,image_url
Kitadol (B) Paracetamol 500mg 24 Comprimidos,1495.0,paracetamol,https://d1tjllbjmslitt.cloudfront.net/spree/products/47493/small/430924-2.jpg?1641476750
Paracetamol (B) 16 Comprimidos,1143.0,paracetamol,https://d1tjllbjmslitt.cloudfront.net/spree/products/28695/small/432432.jpg?1641477870
Ibuprofeno (B) 600 mg x 20 Comprimidos,1847.0,paracetamol,https://d1tjllbjmslitt.cloudfront.net/spree/products/86001/small/1768333.jpg?1671802354
Xumadol 1g. 20 Comprimidos,7919,paracetamol,https://d1tjllbjmslitt.cloudfront.net/spree/products/23240/small/340180.jpg?1641479941
Paracetamol (B) 16 Comprimidos,1055,paracetamol,https://d1tjllbjmslitt.cloudfront.net/spree/products/36317/small/36333.jpg?1641477363
Paracetamol Gotas 15ml,1407.0,paracetamol,https://d1tjllbjmslitt.cloudfront.net/spree/products/28703/small/434052.jpg?1641477868
Kitadol Parcetamol Infantil 16 Comprimidos Masticables,3167.0,paracetamol,https://d1tjllbjmslitt.cloudfront.net/spree/products/26244/small/438063.1.jpg?1641479791
Tapsin Caliente Limonada Día 6 Sobres,3431.0,paracetamol,https://d1tjllbjmslitt.cloudfront.net/spree/products/24108/small/1990181.jpg?1641479893
Tapsin Caliente Limonada Noche 6 Sobres,3431.0,paracetamol,https://d1tjllbjmslitt.cloudfront.net/spree/products/24110/small/1993124.jpg?1641479893
Ibuprofeno (B) 400mg 20 Comprimidos Recubiertos,1319.0,paracetamol,https://d1tjllbjmslitt.cloudfront.net/spree/products/74720/small/1218000.jpg?1654888925
Kitadol (B) Paracetamol 1g 18 Comprimidos,7831.0,paracetamol,https://d1tjllbjmslitt.cloudfront.net/spree/products/47514/small/435361-2.jpg?1641476749
Trio Val Día y Noche 20 Comprimidos,5099,paracetamol,https://d1tjllbjmslitt.cloudfront.net/spree/products/28405/small/2979381.jpg?1641479652
Kitadol Duo Ibuprofeno/Paracetamol 10 Comprimidos Recubiertos,3343.0,paracetamol,https://d1tjllbjmslitt.cloudfront.net/spree/products/66136/small/579036.jpg?1641491818
Tapsin Caliente Limonada Noche 5 Grs.,615,paracetamol,https://d1tjllbjmslitt.cloudfront.net/spree/products/15864/small/1996965.jpg?1641480320
Ibuprofeno (B) 600mg 20 Comprimidos,2727.0,paracetamol,https://d1tjllbjmslitt.cloudfront.net/spree/products/28716/small/437135.jpg?1641477867
Kitadol Parcetamol Infantil Gotas 15ml,3607.0,paracetamol,https://d1tjllbjmslitt.cloudfront.net/spree/products/47497/small/430991-2.jpg?1641476750
Ketorolaco 10mg 10 Comprimidos Recubiertos,1319.0,paracetamol,https://d1tjllbjmslitt.cloudfront.net/spree/products/28725/small/439841.jpg?1641477865
Panbio Test Antígeno Covid-19,9999.0,paracetamol,https://d1tjllbjmslitt.cloudfront.net/spree/products/65598/small/580821.jpg?1641328706
Tapsin Caliente Limonada Día 5 Grs.,615.0,paracetamol,https://d1tjllbjmslitt.cloudfront.net/spree/products/15867/small/1991101.jpg?1641480320
Paracetamol Infantil 6 Supositorios,1319.0,paracetamol,https://d1tjllbjmslitt.cloudfront.net/spree/products/28686/small/431426.jpg?1641477871
Nastizol Día-Noche 18 Comprimidos,3759.0,paracetamol,https://d1tjllbjmslitt.cloudfront.net/spree/products/28079/small/2590079.jpg?1641479681
Ibuprofeno (B) 400mg 20 Comprimidos,1671.0,paracetamol,https://d1tjllbjmslitt.cloudfront.net/spree/products/28715/small/437127.jpg?1641477867
Tapsin Dn 12/6Com.,3519,paracetamol,https://d1tjllbjmslitt.cloudfront.net/spree/products/22712/small/1990216.jpg?1641479965
Abrilar Jarabe 100 Ml,4399.0,paracetamol,https://d1tjllbjmslitt.cloudfront.net/spree/products/4180/small/2570513.jpg?1641482460
Kitadol Paracetamol Infantil Jarabe 60ml,9327.0,paracetamol,https://d1tjllbjmslitt.cloudfront.net/spree/products/47495/small/430983-2.jpg?1641476750
Nenitos Pack Toallitas Húmedas 160 Unidades,2199,paracetamol,https://d1tjllbjmslitt.cloudfront.net/spree/products/58901/small/4100568.jpg?1641329081
Test Rápido de Antígenos Covid-19,5999.0,paracetamol,https://d1tjllbjmslitt.cloudfront.net/spree/products/67388/small/3896262-1.jpg?1644002345
Vitamin C,3999.0,paracetamol,https://d1tjllbjmslitt.cloudfront.net/spree/products/32904/small/9032883.jpg?1641477636
Gesidol Infantil (B) Paracetamol Gotas 15ml,2551.0,paracetamol,https://d1tjllbjmslitt.cloudfront.net/spree/products/42930/small/2350155_gesidol_100_mg.jpg?1641476999
Xumadol 1g 20 Sobres Efervescentes,8975,paracetamol,https://d1tjllbjmslitt.cloudfront.net/spree/products/71819/small/340011.jpg?1651588757
Tapsin Caliente Antigripal Compuesto Día Limón 6 Sobres ,2639,paracetamol,https://d1tjllbjmslitt.cloudfront.net/spree/products/71797/small/579234.jpg?1651532283
Propóleo en Spray,4699,paracetamol,https://d1tjllbjmslitt.cloudfront.net/spree/products/22348/small/8093148_Propoleo30ML_nueva.jpg?1641479984
Ketoprofeno (B) 50mg 20 Cápsulas,2199.0,paracetamol,https://d1tjllbjmslitt.cloudfront.net/spree/products/27746/small/437795.jpg?1641479715
Clorfenamina (B) 4mg 20 Comprimidos,879.0,paracetamol,https://d1tjllbjmslitt.cloudfront.net/spree/products/28697/small/432807.jpg?1641477869
Viadil Forte Pargeverina 10mg/ml Oral Gotas 15ml,7039.0,paracetamol,https://d1tjllbjmslitt.cloudfront.net/spree/products/41463/small/7730698014869_1.jpg?1641477080
Ácido Mefenámico 500mg 10 Comprimidos,1583.0,paracetamol,https://d1tjllbjmslitt.cloudfront.net/spree/products/66694/small/437388.jpg?1642625676
Broncard Levodropropizina 60mg/10ml Jarabe 120ml,11986,paracetamol,https://d1tjllbjmslitt.cloudfront.net/spree/products/33606/small/1722860.jpg?1641477588
Termómetro Digital MT3001 ,3439.0,paracetamol,https://d1tjllbjmslitt.cloudfront.net/spree/products/2304/small/8530646.jpg?1641482574
Kitadol Forte Paracetamol / Cafeína 10 Comprimidos Recubiertos,2903.0,paracetamol,https://d1tjllbjmslitt.cloudfront.net/spree/products/67214/small/430514.png?1643821436
Propóleo de miel/eucaliptus en caramelos,1399.0,paracetamol,https://d1tjllbjmslitt.cloudfront.net/spree/products/28992/small/8099360_PROPOLEOMIELEUCALIPTUS.jpg?1641477852
Fisiolimp Pediátrico 0.9 % Solución Nasal 30ml,5999.0,paracetamol,https://d1tjllbjmslitt.cloudfront.net/spree/products/4187/small/2501470.jpg?1641482460
Pack de Pétalos Algodón Desmaquillantes,2999.0,paracetamol,https://d1tjllbjmslitt.cloudfront.net/spree/products/69255/small/4102810_nuevo_2019_1.jpg?1646312732
Tapsin (B) Paracetamol 1g 20 Comprimidos Recubiertos,8183,paracetamol,https://d1tjllbjmslitt.cloudfront.net/spree/products/92046/small/575992.jpg?1682704873
Acotol 28 Comprimidos Recubiertos,14167.0,paracetamol,https://d1tjllbjmslitt.cloudfront.net/spree/products/25708/small/2834786.jpg?1641479812
Ketoprofeno 200mg 10 Comprimidos,3959.0,paracetamol,https://d1tjllbjmslitt.cloudfront.net/spree/products/43897/small/7800063111445_1.jpg?1641476941
Esomeprazol (B) 40mg 30 Comprimidos,4663,paracetamol,https://d1tjllbjmslitt.cloudfront.net/spree/products/37361/small/1768569.jpg?1641477300
Engystol medicamento antiviral,19183.0,paracetamol,https://d1tjllbjmslitt.cloudfront.net/spree/products/31119/small/8270009.jpg?1641477768
Loratadina (B) 10mg 30 Comprimidos,1407,paracetamol,https://d1tjllbjmslitt.cloudfront.net/spree/products/28705/small/434912.jpg?1641477868
Bisolvon Adulto Jarabe 125ml,4751,paracetamol,https://d1tjllbjmslitt.cloudfront.net/spree/products/74533/small/581952_-_Bisolvon_Adulto_1000x1000.jpg?1654637844
Supracalm (B) Paracetamol 20 Comprimidos,11527.0,paracetamol,https://d1tjllbjmslitt.cloudfront.net/spree/products/28532/small/3110454.jpg?1641477896
Ibuprofeno (B) 600 mg x 20 Comprimidos,1847.0,ibuprofeno,https://d1tjllbjmslitt.cloudfront.net/spree/products/86001/small/1768333.jpg?1671802354
Kitadol (B) Paracetamol 500mg 24 Comprimidos,1495.0,ibuprofeno,https://d1tjllbjmslitt.cloudfront.net/spree/products/47493/small/430924-2.jpg?1641476750
Ibuprofeno (B) 400mg 20 Comprimidos Recubiertos,1319.0,ibuprofeno,https://d1tjllbjmslitt.cloudfront.net/spree/products/74720/small/1218000.jpg?1654888925
Ibuprofeno (B) 600mg 20 Comprimidos,2727.0,ibuprofeno,https://d1tjllbjmslitt.cloudfront.net/spree/products/28716/small/437135.jpg?1641477867
Paracetamol (B) 16 Comprimidos,1143.0,ibuprofeno,https://d1tjllbjmslitt.cloudfront.net/spree/products/28695/small/432432.jpg?1641477870
Ibuprofeno Jarabe 100ml,2815,ibuprofeno,https://d1tjllbjmslitt.cloudfront.net/spree/products/28718/small/437372.jpg?1641477866
Kitadol Duo Ibuprofeno/Paracetamol 10 Comprimidos Recubiertos,3343.0,ibuprofeno,https://d1tjllbjmslitt.cloudfront.net/spree/products/66136/small/579036.jpg?1641491818
Ibuprofeno (B) 200mg 20 Comprimidos Recubiertos,1231,ibuprofeno,https://d1tjllbjmslitt.cloudfront.net/spree/products/49249/small/1218005.jpg?1641329860
Ibuprofeno (B) 400mg 20 Comprimidos,1671.0,ibuprofeno,https://d1tjllbjmslitt.cloudfront.net/spree/products/28715/small/437127.jpg?1641477867
Ibuprofeno 200mg Jarabe 100ml,5719,ibuprofeno,https://d1tjllbjmslitt.cloudfront.net/spree/products/72773/small/577406.jpg?1652302690
Tapsin Caliente Limonada Noche 6 Sobres,3431.0,ibuprofeno,https://d1tjllbjmslitt.cloudfront.net/spree/products/24110/small/1993124.jpg?1641479893
Trio Val Día y Noche 20 Comprimidos,5099,ibuprofeno,https://d1tjllbjmslitt.cloudfront.net/spree/products/28405/small/2979381.jpg?1641479652
Tapsin Caliente Limonada Día 6 Sobres,3431.0,ibuprofeno,https://d1tjllbjmslitt.cloudfront.net/spree/products/24108/small/1990181.jpg?1641479893
Tapsin Caliente Limonada Noche 5 Grs.,615,ibuprofeno,https://d1tjllbjmslitt.cloudfront.net/spree/products/15864/small/1996965.jpg?1641480320
Nastizol Día-Noche 18 Comprimidos,3759.0,ibuprofeno,https://d1tjllbjmslitt.cloudfront.net/spree/products/28079/small/2590079.jpg?1641479681
Abrilar Jarabe 100 Ml,4399.0,ibuprofeno,https://d1tjllbjmslitt.cloudfront.net/spree/products/4180/small/2570513.jpg?1641482460
Ipson Forte Infantil Ibuprofeno 120ml,10799,ibuprofeno,https://d1tjllbjmslitt.cloudfront.net/spree/products/23150/small/2971444.jpg?1641479946
Tapsin Caliente Limonada Día 5 Grs.,615.0,ibuprofeno,https://d1tjllbjmslitt.cloudfront.net/spree/products/15867/small/1991101.jpg?1641480320
Nenitos Pack Toallitas Húmedas 160 Unidades,2199,ibuprofeno,https://d1tjllbjmslitt.cloudfront.net/spree/products/58901/small/4100568.jpg?1641329081
Kitadol Parcetamol Infantil 16 Comprimidos Masticables,3167.0,ibuprofeno,https://d1tjllbjmslitt.cloudfront.net/spree/products/26244/small/438063.1.jpg?1641479791
Xumadol 1g. 20 Comprimidos,7919,ibuprofeno,https://d1tjllbjmslitt.cloudfront.net/spree/products/23240/small/340180.jpg?1641479941
Test Rápido de Antígenos Covid-19,5999.0,ibuprofeno,https://d1tjllbjmslitt.cloudfront.net/spree/products/67388/small/3896262-1.jpg?1644002345
Paracetamol Gotas 15ml,1407.0,ibuprofeno,https://d1tjllbjmslitt.cloudfront.net/spree/products/28703/small/434052.jpg?1641477868
Tapsin Dn 12/6Com.,3519,ibuprofeno,https://d1tjllbjmslitt.cloudfront.net/spree/products/22712/small/1990216.jpg?1641479965
Ácido Mefenámico 500mg 10 Comprimidos,1583.0,ibuprofeno,https://d1tjllbjmslitt.cloudfront.net/spree/products/66694/small/437388.jpg?1642625676
Paracetamol (B) 16 Comprimidos,1055,ibuprofeno,https://d1tjllbjmslitt.cloudfront.net/spree/products/36317/small/36333.jpg?1641477363
Ketorolaco 10mg 10 Comprimidos Recubiertos,1319.0,ibuprofeno,https://d1tjllbjmslitt.cloudfront.net/spree/products/28725/small/439841.jpg?1641477865
Panbio Test Antígeno Covid-19,9999.0,ibuprofeno,https://d1tjllbjmslitt.cloudfront.net/spree/products/65598/small/580821.jpg?1641328706
Amoxicilina 500mg/5ml Jarabe 60ml,2111,ibuprofeno,https://d1tjllbjmslitt.cloudfront.net/spree/products/39423/small/1763165-1.jpg?1641477196
Clorfenamina (B) 4mg 20 Comprimidos,879.0,ibuprofeno,https://d1tjllbjmslitt.cloudfront.net/spree/products/28697/small/432807.jpg?1641477869
Tapsin Caliente Antigripal Compuesto Día Limón 6 Sobres ,2639,ibuprofeno,https://d1tjllbjmslitt.cloudfront.net/spree/products/71797/small/579234.jpg?1651532283
Paltomiel Adulto Jarabe 200ml,3849,ibuprofeno,https://d1tjllbjmslitt.cloudfront.net/spree/products/22766/small/8111400.jpg?1641479963
Broncard Levodropropizina 60mg/10ml Jarabe 120ml,11986,ibuprofeno,https://d1tjllbjmslitt.cloudfront.net/spree/products/33606/small/1722860.jpg?1641477588
Actron (R) 400mg 20 Capsulas Blandas,5983,ibuprofeno,https://d1tjllbjmslitt.cloudfront.net/spree/products/58513/small/578998-1.jpg?1641329109
Kitadol Parcetamol Infantil Gotas 15ml,3607.0,ibuprofeno,https://d1tjllbjmslitt.cloudfront.net/spree/products/47497/small/430991-2.jpg?1641476750
Bisolvon Adulto Jarabe 125ml,4751,ibuprofeno,https://d1tjllbjmslitt.cloudfront.net/spree/products/74533/small/581952_-_Bisolvon_Adulto_1000x1000.jpg?1654637844
Viadil Forte Pargeverina 10mg/ml Oral Gotas 15ml,7039.0,ibuprofeno,https://d1tjllbjmslitt.cloudfront.net/spree/products/41463/small/7730698014869_1.jpg?1641477080
LORATADINA 10mg ORAL SOLIDO,1143,ibuprofeno,https://d1tjllbjmslitt.cloudfront.net/spree/products/81608/small/1763281.jpg?1665776119
Caramelos de propóleo miel ,1399.0,ibuprofeno,https://d1tjllbjmslitt.cloudfront.net/spree/products/28991/small/8093062_PROPOLEO_X10UNID.jpg?1641477852
Vitamin C,3999.0,ibuprofeno,https://d1tjllbjmslitt.cloudfront.net/spree/products/32904/small/9032883.jpg?1641477636
Nastigrip 18 Comprimidos,2959,ibuprofeno,https://d1tjllbjmslitt.cloudfront.net/spree/products/4144/small/2590330.jpg?1641482461
AB Antitusivo Noscapina / Clorhexidina 12 Comprimidos Masticables,3233,ibuprofeno,https://d1tjllbjmslitt.cloudfront.net/spree/products/22930/small/2970030.jpg?1641479956
Propóleo Jengibre spray,4399,ibuprofeno,https://d1tjllbjmslitt.cloudfront.net/spree/products/22352/small/8093069_Propoleo30ML-_JENGIBRE_nueva.jpg?1641479984
Broncatox (B) Levodropropizina 60mg/10ml Jarabe 120ml,7749.0,ibuprofeno,https://d1tjllbjmslitt.cloudfront.net/spree/products/28298/small/2972424.jpg?1641479662
Kitadol (B) Paracetamol 1g 18 Comprimidos,7831.0,ibuprofeno,https://d1tjllbjmslitt.cloudfront.net/spree/products/47514/small/435361-2.jpg?1641476749
Ipson Infantil Ibuprofeno 120ml,5809.0,ibuprofeno,https://d1tjllbjmslitt.cloudfront.net/spree/products/22835/small/2971304.jpg?1641479960
Propóleo en Spray,4699,ibuprofeno,https://d1tjllbjmslitt.cloudfront.net/spree/products/22348/small/8093148_Propoleo30ML_nueva.jpg?1641479984
Dolorub Ibuprofeno 5% Crema 60g,5807,ibuprofeno,https://d1tjllbjmslitt.cloudfront.net/spree/products/92052/small/1990196.jpg?1682705001
Ketoprofeno 200mg 10 Comprimidos,3959.0,ibuprofeno,https://d1tjllbjmslitt.cloudfront.net/spree/products/43897/small/7800063111445_1.jpg?1641476941
Actron (R) 600mg 20 Capsulas Blandas,10163,ibuprofeno,https://d1tjllbjmslitt.cloudfront.net/spree/products/58509/small/578997-1.jpg?1641329109
Losartan (B) 50mg x 30 Comprimidos,1759,losartan,https://d1tjllbjmslitt.cloudfront.net/spree/products/79988/small/1763151.jpg?1663180691
Losartan (B) 50mg 30 Comprimidos Recubiertos,2727.0,losartan,https://d1tjllbjmslitt.cloudfront.net/spree/products/28714/small/436798.jpg?1641477867
Losartan (B) 50mg 30 Comprimidos Recubiertos,1583,losartan,https://d1tjllbjmslitt.cloudfront.net/spree/products/39518/small/1218067-01.JPG?1641477190
Losartan 50mg / Hidroclorotiazida 12.5 mg 30 Comprimidos,6159.0,losartan,https://d1tjllbjmslitt.cloudfront.net/spree/products/72775/small/580802.jpg?1652303029
Atorvastatina (B) 20mg 30 Comprimidos Recubiertos,2815.0,losartan,https://d1tjllbjmslitt.cloudfront.net/spree/products/28680/small/430155.jpg?1641477872
Hidroclorotiazida (B) 50mg 20 Comprimidos,1583,losartan,https://d1tjllbjmslitt.cloudfront.net/spree/products/27601/small/432084.jpg?1641479726
Kitadol (B) Paracetamol 500mg 24 Comprimidos,1495.0,losartan,https://d1tjllbjmslitt.cloudfront.net/spree/products/47493/small/430924-2.jpg?1641476750
Atorvastatina (B) 10mg 30 Comprimidos Recubiertos,2815.0,losartan,https://d1tjllbjmslitt.cloudfront.net/spree/products/28679/small/430154.jpg?1641477872
Amlodipino 5mg 30 Comprimidos,2815.0,losartan,https://d1tjllbjmslitt.cloudfront.net/spree/products/36331/small/1763105.jpg?1641477361
Amlodipino (B) 5mg 30 Comprimidos,1319,losartan,https://d1tjllbjmslitt.cloudfront.net/spree/products/66170/small/1218179.jpg?1641914052
Acido Acetilsalicilico 100 Mg. 100 Comprimidos,3783.0,losartan,https://d1tjllbjmslitt.cloudfront.net/spree/products/46665/small/151652.jpeg?1641476789
Losartan (B) 50mg x 30 Comprimidos,3099.0,losartan,https://d1tjllbjmslitt.cloudfront.net/spree/products/86738/small/583113.jpg?1674488117
Losartan (B) 100mg 30 Comprimidos,3607,losartan,https://d1tjllbjmslitt.cloudfront.net/spree/products/66254/small/574899.jpg?1641929817
Losartan (B) 100mg 30 Comprimidos Recubiertos,7655.0,losartan,https://d1tjllbjmslitt.cloudfront.net/spree/products/27525/small/430172.jpg?1641479732
Atenolol (B) 50mg 20 Comprimidos,967,losartan,https://d1tjllbjmslitt.cloudfront.net/spree/products/28702/small/433887.jpg?1641477868
Carvedilol (B) 25mg 30 Comprimidos,4575.0,losartan,https://d1tjllbjmslitt.cloudfront.net/spree/products/27771/small/438832.jpg?1641479713
Hipoglucin LP (B) Metformina 1000mg 60 Comprimidos Prolongados,23495,losartan,https://d1tjllbjmslitt.cloudfront.net/spree/products/27535/small/430244.jpg?1641479731
Metformina (B) 850mg 30 Comprimidos,2903.0,losartan,https://d1tjllbjmslitt.cloudfront.net/spree/products/28710/small/435922.jpg?1641477867
Lansoprazol (B) 30mg 30 Cápsulas,3871,losartan,https://d1tjllbjmslitt.cloudfront.net/spree/products/44200/small/7800007803887_1.jpg?1641476924
Cardioaspirina Ácido Acetilsalicílico 100 mg 50 Com. Rec.,10735.0,losartan,https://d1tjllbjmslitt.cloudfront.net/spree/products/46664/small/151639.jpeg?1641476789
Metformina Clorhidrato (B) 850mg 60 Comprimidos Recubiertos,4575.0,losartan,https://d1tjllbjmslitt.cloudfront.net/spree/products/84357/small/573614.jpg?1669669549
Eutirox (R) Levotiroxina 50mcg 50 Comprimidos,11791.0,losartan,https://d1tjllbjmslitt.cloudfront.net/spree/products/27919/small/2010482.jpg?1641479696
Acotol 28 Comprimidos Recubiertos,14167.0,losartan,https://d1tjllbjmslitt.cloudfront.net/spree/products/25708/small/2834786.jpg?1641479812
Eutirox (R) Levotiroxina 75mcg 50 Comprimidos,12495.0,losartan,https://d1tjllbjmslitt.cloudfront.net/spree/products/27914/small/2010445.jpg?1641479696
Esomeprazol (B) 40mg 30 Comprimidos,4663,losartan,https://d1tjllbjmslitt.cloudfront.net/spree/products/37361/small/1768569.jpg?1641477300
Crema Hidratante Cerave,15999,losartan,https://d1tjllbjmslitt.cloudfront.net/spree/products/85551/small/5970108-1.jpg?1670971935
Omeprazol (B) 20mg 60 Cápsulas,3255.0,losartan,https://d1tjllbjmslitt.cloudfront.net/spree/products/27539/small/430271.jpg?1641479730
Carvedilol (B) 6.25mg 30 Comprimidos,5103.0,losartan,https://d1tjllbjmslitt.cloudfront.net/spree/products/27557/small/430432.jpg?1641479729
Paracetamol (B) 16 Comprimidos,1143.0,losartan,https://d1tjllbjmslitt.cloudfront.net/spree/products/28695/small/432432.jpg?1641477870
Pack de Pétalos Algodón Desmaquillantes,2999.0,losartan,https://d1tjllbjmslitt.cloudfront.net/spree/products/69255/small/4102810_nuevo_2019_1.jpg?1646312732
Eutirox (R) Levotiroxina 100mcg 100 Comprimidos,16015.0,losartan,https://d1tjllbjmslitt.cloudfront.net/spree/products/27916/small/2010460.jpg?1641479696
Promo Pack Bion3 30+30 60 Comprimidos Recubiertos,17039.0,losartan,https://d1tjllbjmslitt.cloudfront.net/spree/products/92848/small/581361-1.JPG?1684345459
Monkast Montelukast 10 Mg. 28 Comprimidos Recubiertos ,21031.0,losartan,https://d1tjllbjmslitt.cloudfront.net/spree/products/28021/small/2501087.jpg?1641479686
Rosuvastatina (B) 10mg 30 Comprimidos Recubiertos,6159.0,losartan,https://d1tjllbjmslitt.cloudfront.net/spree/products/66831/small/580770.jpg?1642784298
Glafornil XR (R) Metformina 750mg 30 Comprimidos Prolongados,22879.0,losartan,https://d1tjllbjmslitt.cloudfront.net/spree/products/27926/small/2013001.jpg?1641479695
Bisoprolol (B) 1.25mg 30 Comprimidos,7127.0,losartan,https://d1tjllbjmslitt.cloudfront.net/spree/products/77964/small/580771.jpg?1660932103
Glaupax (B) 1000mg 30Com.Prol. ,13991.0,losartan,https://d1tjllbjmslitt.cloudfront.net/spree/products/28031/small/2501232.jpg?1641479685
Neurobion DC (B) Vitaminas B1-B6-B12 10.000UI/3ml 3 Jeringas Prellenadas,17159.0,losartan,https://d1tjllbjmslitt.cloudfront.net/spree/products/92878/small/2011298-1.JPG?1684346765
Rosuvastatina (B) 20mg 30 Comprimidos Recubiertos,8271.0,losartan,https://d1tjllbjmslitt.cloudfront.net/spree/products/66829/small/580769.jpg?1642784230
Elcal D Forte Calcio/Vitamina D3 60 Cápsulas,12759.0,losartan,https://d1tjllbjmslitt.cloudfront.net/spree/products/27425/small/32335.jpg?1641479741
Vitamina D3,14999.0,losartan,https://d1tjllbjmslitt.cloudfront.net/spree/products/32921/small/9033212.jpg?1641477634
Glafornil XR (R) Metformina 1000mg 30 Comprimidos Prolongados,28159.0,losartan,https://d1tjllbjmslitt.cloudfront.net/spree/products/27939/small/2015001.jpg?1641479694
Carvedilol (B) 12.5mg 30 Comprimidos,4663.0,losartan,https://d1tjllbjmslitt.cloudfront.net/spree/products/27553/small/430419.jpg?1641479729
Crema Hidratante Toleriane Dermallergo Fluido 40 ml,22499,losartan,https://d1tjllbjmslitt.cloudfront.net/spree/products/85298/small/579607-1.jpg?1670971529
Hipoglucin LP (B) Metformina 750mg 60 Comprimidos Prolongados,19359,losartan,https://d1tjllbjmslitt.cloudfront.net/spree/products/27534/small/430243.jpg?1641479731
Shampoo Anti-Caspa Dercos Cabello Graso 390 ml,19199.0,losartan,https://d1tjllbjmslitt.cloudfront.net/spree/products/85462/small/5970027-1.jpg?1670971785
Esomeprazol (B) 40mg 30Cap.,6599.0,losartan,https://d1tjllbjmslitt.cloudfront.net/spree/products/79986/small/1330156.jpg?1663179424
Glifortex XR (B) Metformina 750mg 30 Comprimidos Prolongados,12407.0,losartan,https://d1tjllbjmslitt.cloudfront.net/spree/products/76285/small/37913.jpg?1658796861
Ferbex (B) Fenofibrato 200mg 30 Cápsulas,23231.0,losartan,https://d1tjllbjmslitt.cloudfront.net/spree/products/27561/small/430531.jpg?1641479729
Nasonex 50mcg Solucion Nasal 280 Dosis,29303,losartan,https://d1tjllbjmslitt.cloudfront.net/spree/products/33148/small/3032142.jpg?1641477622
Ketorolaco 10mg 10 Comprimidos Recubiertos,1319.0,ketorolaco,https://d1tjllbjmslitt.cloudfront.net/spree/products/28725/small/439841.jpg?1641477865
Ketorolaco (B) 10 mg x 10 Comprimidos,1759,ketorolaco,https://d1tjllbjmslitt.cloudfront.net/spree/products/72321/small/2201148.jpg?1652219488
Kitadol (B) Paracetamol 500mg 24 Comprimidos,1495.0,ketorolaco,https://d1tjllbjmslitt.cloudfront.net/spree/products/47493/small/430924-2.jpg?1641476750
Burten SL Ketorolaco 30mg 2 Comprimidos Sublinguales,5631.0,ketorolaco,https://d1tjllbjmslitt.cloudfront.net/spree/products/66158/small/430440.jpg?1641912508
Paracetamol (B) 16 Comprimidos,1143.0,ketorolaco,https://d1tjllbjmslitt.cloudfront.net/spree/products/28695/small/432432.jpg?1641477870
Syndol SL Ketorolaco 30mg 4 Comprimidos,9591.0,ketorolaco,https://d1tjllbjmslitt.cloudfront.net/spree/products/53472/small/574042.jpg?1641329532
Dolgenal SL Ketorolaco 30mg 4 Comprimidos Sublinguales,12319.0,ketorolaco,https://d1tjllbjmslitt.cloudfront.net/spree/products/28528/small/3110439.jpg?1641477897
Xumadol 1g. 20 Comprimidos,7919,ketorolaco,https://d1tjllbjmslitt.cloudfront.net/spree/products/23240/small/340180.jpg?1641479941
Ketanor SL Ketorolaco 30mg 4 Comprimidos Sublinguales,13815.0,ketorolaco,https://d1tjllbjmslitt.cloudfront.net/spree/products/33600/small/1721401.jpg?1641477588
Omeprazol (B) 20mg 30 Cápsulas,1671.0,ketorolaco,https://d1tjllbjmslitt.cloudfront.net/spree/products/28681/small/430270.jpg?1641477872
Ketoprofeno 200mg 10 Comprimidos,3959.0,ketorolaco,https://d1tjllbjmslitt.cloudfront.net/spree/products/43897/small/7800063111445_1.jpg?1641476941
Ciclobenzaprina (B) 10mg 20 Comprimidos Recubiertos,2287,ketorolaco,https://d1tjllbjmslitt.cloudfront.net/spree/products/28719/small/437463.jpg?1641477866
Trio Val Día y Noche 20 Comprimidos,5099,ketorolaco,https://d1tjllbjmslitt.cloudfront.net/spree/products/28405/small/2979381.jpg?1641479652
Esomeprazol (B) 40mg 30 Comprimidos,4663,ketorolaco,https://d1tjllbjmslitt.cloudfront.net/spree/products/37361/small/1768569.jpg?1641477300
Ibuprofeno (B) 600 mg x 20 Comprimidos,1847.0,ketorolaco,https://d1tjllbjmslitt.cloudfront.net/spree/products/86001/small/1768333.jpg?1671802354
Ketoprofeno (B) 50mg 20 Cápsulas,2199.0,ketorolaco,https://d1tjllbjmslitt.cloudfront.net/spree/products/27746/small/437795.jpg?1641479715
Syndol Ketorolaco 30mg Inyectable 5 Ampollas,19535.0,ketorolaco,https://d1tjllbjmslitt.cloudfront.net/spree/products/80180/small/2570789.jpg?1663808650
Prednisona (B) 20mg 20 Comprimidos Recubiertos,5367,ketorolaco,https://d1tjllbjmslitt.cloudfront.net/spree/products/66839/small/430380.jpg?1642786950
Cefadroxilo (B) 500mg 8 Cápsulas,2023,ketorolaco,https://d1tjllbjmslitt.cloudfront.net/spree/products/43874/small/7800018129228_1.jpg?1641476943
Diclofenaco Sódico 100mg 8 Cápsulas Prolongadas,1231.0,ketorolaco,https://d1tjllbjmslitt.cloudfront.net/spree/products/36311/small/31996.jpg?1641477363
Kitadol (B) Paracetamol 1g 18 Comprimidos,7831.0,ketorolaco,https://d1tjllbjmslitt.cloudfront.net/spree/products/47514/small/435361-2.jpg?1641476749
Viadil Forte Pargeverina 10mg/ml Oral Gotas 15ml,7039.0,ketorolaco,https://d1tjllbjmslitt.cloudfront.net/spree/products/41463/small/7730698014869_1.jpg?1641477080
Amoxicilina 500mg x 21 Cápsulas,3519,ketorolaco,https://d1tjllbjmslitt.cloudfront.net/spree/products/82058/small/2636062.jpg?1666356729
Kitadol Duo Ibuprofeno/Paracetamol 10 Comprimidos Recubiertos,3343.0,ketorolaco,https://d1tjllbjmslitt.cloudfront.net/spree/products/66136/small/579036.jpg?1641491818
Tapsin Caliente Limonada Día 6 Sobres,3431.0,ketorolaco,https://d1tjllbjmslitt.cloudfront.net/spree/products/24108/small/1990181.jpg?1641479893
Tapsin Caliente Limonada Noche 6 Sobres,3431.0,ketorolaco,https://d1tjllbjmslitt.cloudfront.net/spree/products/24110/small/1993124.jpg?1641479893
Domperidona (B) 10mg x 20 Comprimidos,1143.0,ketorolaco,https://d1tjllbjmslitt.cloudfront.net/spree/products/79992/small/1763119.jpg?1663182111
Keval Eletriptán 40mg 6 Comprimidos Recubiertos,17951.0,ketorolaco,https://d1tjllbjmslitt.cloudfront.net/spree/products/28349/small/2973757.jpg?1641479659
"Akynzeo Netupitant 300 mg Palonosetrón 0,5 mg 1 Cápsula",101903.0,ketorolaco,https://d1tjllbjmslitt.cloudfront.net/spree/products/44793/small/7800055001167_1.jpg?1641476890
Tapsin M- 30 Comprimidos Recubiertos,4751.0,ketorolaco,https://d1tjllbjmslitt.cloudfront.net/spree/products/71750/small/578147-2.jpg?1651518894
Xarelto (R) 10mg Rivaroxaban 10 Comprimidos Recubiertos,45407,ketorolaco,https://d1tjllbjmslitt.cloudfront.net/spree/products/41481/small/7793640991762_1.jpg?1641477078
Ibuprofeno (B) 600mg 20 Comprimidos,2727.0,ketorolaco,https://d1tjllbjmslitt.cloudfront.net/spree/products/28716/small/437135.jpg?1641477867
Nastizol Día-Noche 18 Comprimidos,3759.0,ketorolaco,https://d1tjllbjmslitt.cloudfront.net/spree/products/28079/small/2590079.jpg?1641479681
Nenitos Pack Toallitas Húmedas 160 Unidades,2199,ketorolaco,https://d1tjllbjmslitt.cloudfront.net/spree/products/58901/small/4100568.jpg?1641329081
Prestat (B) Pregabalina 75mg 40 Comprimidos,8609.0,ketorolaco,https://d1tjllbjmslitt.cloudfront.net/spree/products/40372/small/2590286-1.jpg?1641477140
Amoxicilina/Clavul (B) 875/125 14 Comprimidos,10119.0,ketorolaco,https://d1tjllbjmslitt.cloudfront.net/spree/products/37365/small/1768030.jpg?1641477298
Dolgenal Ketorolaco 30mg/ml Inyectable 3 Ampollas,12231,ketorolaco,https://d1tjllbjmslitt.cloudfront.net/spree/products/28515/small/3110205.jpg?1641477899
Meloxicam (B) 15mg 10 Comprimidos,1759.0,ketorolaco,https://d1tjllbjmslitt.cloudfront.net/spree/products/40091/small/435935-1.jpg?1641477156
Naproxeno (B) 550mg 10 Comprimidos Recubiertos,3519.0,ketorolaco,https://d1tjllbjmslitt.cloudfront.net/spree/products/66188/small/437639.jpg?1641917671
Nastizol Compuesto 10 Comprimidos Recubiertos,4639,ketorolaco,https://d1tjllbjmslitt.cloudfront.net/spree/products/59194/small/2591550.jpg?1641329061
Ácido Mefenámico 500mg 10 Comprimidos,1583.0,ketorolaco,https://d1tjllbjmslitt.cloudfront.net/spree/products/66694/small/437388.jpg?1642625676
Metoclopramida (B) 10mg 24 Comprimidos,1583,ketorolaco,https://d1tjllbjmslitt.cloudfront.net/spree/products/28707/small/435393.jpg?1641477868
Tamsulosina 0.4mg 30 Comprimidos Prolongados,4751.0,ketorolaco,https://d1tjllbjmslitt.cloudfront.net/spree/products/66702/small/430426.jpg?1642626106
Propóleo en Spray,4699,ketorolaco,https://d1tjllbjmslitt.cloudfront.net/spree/products/22348/small/8093148_Propoleo30ML_nueva.jpg?1641479984
Ibuprofeno (B) 400mg 20 Comprimidos Recubiertos,1319.0,ketorolaco,https://d1tjllbjmslitt.cloudfront.net/spree/products/74720/small/1218000.jpg?1654888925
Femelle 20 Drospirenona / Etinilestradiol 28 Comprimidos Recubiertos,15751.0,ketorolaco,https://d1tjllbjmslitt.cloudfront.net/spree/products/43701/small/2830598_1.jpg?1641476954
Xumadol 1g 20 Sobres Efervescentes,8975,ketorolaco,https://d1tjllbjmslitt.cloudfront.net/spree/products/71819/small/340011.jpg?1651588757
Lansoprazol (B) 30mg 30 Cápsulas,3871,ketorolaco,https://d1tjllbjmslitt.cloudfront.net/spree/products/44200/small/7800007803887_1.jpg?1641476924
Salonpas Analgésico 10 Parches,3783.0,ketorolaco,https://d1tjllbjmslitt.cloudfront.net/spree/products/23072/small/1711802.jpg?1641479949
Viadil Compuesto Metamizol Magnésico / Pargeverina Oral Gotas 15ml,8447.0,ketorolaco,https://d1tjllbjmslitt.cloudfront.net/spree/products/41698/small/7800059194155_1.jpg?1641477064
Ketoprofeno (B) 50mg 20 Cápsulas,2199.0,ketoprofeno,https://d1tjllbjmslitt.cloudfront.net/spree/products/27746/small/437795.jpg?1641479715
Ketoprofeno 200mg 10 Comprimidos,3959.0,ketoprofeno,https://d1tjllbjmslitt.cloudfront.net/spree/products/43897/small/7800063111445_1.jpg?1641476941
Kitadol (B) Paracetamol 500mg 24 Comprimidos,1495.0,ketoprofeno,https://d1tjllbjmslitt.cloudfront.net/spree/products/47493/small/430924-2.jpg?1641476750
Ketoprofeno (B) 50mg x 20 Cápsulas,2375,ketoprofeno,https://d1tjllbjmslitt.cloudfront.net/spree/products/83862/small/2202026.jpg?1668457177
Paracetamol (B) 16 Comprimidos,1143.0,ketoprofeno,https://d1tjllbjmslitt.cloudfront.net/spree/products/28695/small/432432.jpg?1641477870
Ketoprofeno Gel 60g,2815.0,ketoprofeno,https://d1tjllbjmslitt.cloudfront.net/spree/products/58759/small/577213.jpg?1641329093
Ketorolaco 10mg 10 Comprimidos Recubiertos,1319.0,ketoprofeno,https://d1tjllbjmslitt.cloudfront.net/spree/products/28725/small/439841.jpg?1641477865
Ketoprofeno 100mg/2ml IV 5 ampollas,5543.0,ketoprofeno,https://d1tjllbjmslitt.cloudfront.net/spree/products/39454/small/300115.jpg?1641477194
Ibuprofeno (B) 600 mg x 20 Comprimidos,1847.0,ketoprofeno,https://d1tjllbjmslitt.cloudfront.net/spree/products/86001/small/1768333.jpg?1671802354
Xumadol 1g. 20 Comprimidos,7919,ketoprofeno,https://d1tjllbjmslitt.cloudfront.net/spree/products/23240/small/340180.jpg?1641479941
Omeprazol (B) 20mg 30 Cápsulas,1671.0,ketoprofeno,https://d1tjllbjmslitt.cloudfront.net/spree/products/28681/small/430270.jpg?1641477872
Ibuprofeno (B) 600mg 20 Comprimidos,2727.0,ketoprofeno,https://d1tjllbjmslitt.cloudfront.net/spree/products/28716/small/437135.jpg?1641477867
Ciclobenzaprina (B) 10mg 20 Comprimidos Recubiertos,2287,ketoprofeno,https://d1tjllbjmslitt.cloudfront.net/spree/products/28719/small/437463.jpg?1641477866
Talflex Bi Ketoprofeno 150mg 14 Comprimidos,13463,ketoprofeno,https://d1tjllbjmslitt.cloudfront.net/spree/products/40390/small/2590359-1.jpg?1641477139
Ácido Mefenámico 500mg 10 Comprimidos,1583.0,ketoprofeno,https://d1tjllbjmslitt.cloudfront.net/spree/products/66694/small/437388.jpg?1642625676
Trio Val Día y Noche 20 Comprimidos,5099,ketoprofeno,https://d1tjllbjmslitt.cloudfront.net/spree/products/28405/small/2979381.jpg?1641479652
Tapsin Caliente Limonada Día 6 Sobres,3431.0,ketoprofeno,https://d1tjllbjmslitt.cloudfront.net/spree/products/24108/small/1990181.jpg?1641479893
Kitadol Duo Ibuprofeno/Paracetamol 10 Comprimidos Recubiertos,3343.0,ketoprofeno,https://d1tjllbjmslitt.cloudfront.net/spree/products/66136/small/579036.jpg?1641491818
Profenid Bi 150mg 10Com.Prol.,15927,ketoprofeno,https://d1tjllbjmslitt.cloudfront.net/spree/products/45078/small/7891058001223_1.jpg?1641476874
Dipirona Metamizol Sódico 300mg 20 Comprimidos,1583.0,ketoprofeno,https://d1tjllbjmslitt.cloudfront.net/spree/products/64977/small/3350144.jpg?1641328746
Cefadroxilo (B) 500mg 8 Cápsulas,2023,ketoprofeno,https://d1tjllbjmslitt.cloudfront.net/spree/products/43874/small/7800018129228_1.jpg?1641476943
Prednisona (B) 20mg 20 Comprimidos Recubiertos,5367,ketoprofeno,https://d1tjllbjmslitt.cloudfront.net/spree/products/66839/small/430380.jpg?1642786950
Kitadol (B) Paracetamol 1g 18 Comprimidos,7831.0,ketoprofeno,https://d1tjllbjmslitt.cloudfront.net/spree/products/47514/small/435361-2.jpg?1641476749
Diclofenaco Gel 30g,1847,ketoprofeno,https://d1tjllbjmslitt.cloudfront.net/spree/products/74716/small/1218197.jpg?1654888395
Metoclopramida (B) 10mg 24 Comprimidos,1583,ketoprofeno,https://d1tjllbjmslitt.cloudfront.net/spree/products/28707/small/435393.jpg?1641477868
Viadil Forte Pargeverina 10mg/ml Oral Gotas 15ml,7039.0,ketoprofeno,https://d1tjllbjmslitt.cloudfront.net/spree/products/41463/small/7730698014869_1.jpg?1641477080
Nastizol Día-Noche 18 Comprimidos,3759.0,ketoprofeno,https://d1tjllbjmslitt.cloudfront.net/spree/products/28079/small/2590079.jpg?1641479681
Tapsin Caliente Limonada Noche 6 Sobres,3431.0,ketoprofeno,https://d1tjllbjmslitt.cloudfront.net/spree/products/24110/small/1993124.jpg?1641479893
Tapsin Dn 12/6Com.,3519,ketoprofeno,https://d1tjllbjmslitt.cloudfront.net/spree/products/22712/small/1990216.jpg?1641479965
Amoxicilina 500mg x 21 Cápsulas,3519,ketoprofeno,https://d1tjllbjmslitt.cloudfront.net/spree/products/82058/small/2636062.jpg?1666356729
Domperidona (B) 10mg 20 Cápsulas,1407,ketoprofeno,https://d1tjllbjmslitt.cloudfront.net/spree/products/28699/small/432947.jpg?1641477869
Flemex J.A.T. Forte (B) Jarabe 120ml,14431.0,ketoprofeno,https://d1tjllbjmslitt.cloudfront.net/spree/products/50039/small/2832549_1.jpg?1641329814
Naproxeno (B) 550mg 10 Comprimidos Recubiertos,3519.0,ketoprofeno,https://d1tjllbjmslitt.cloudfront.net/spree/products/66188/small/437639.jpg?1641917671
Azitromicina (B) 500mg 6 Comprimidos Recubiertos,3167.0,ketoprofeno,https://d1tjllbjmslitt.cloudfront.net/spree/products/27713/small/436125.jpg?1641479717
Vitamin C,7399.0,ketoprofeno,https://d1tjllbjmslitt.cloudfront.net/spree/products/32875/small/9030020.jpg?1641477640
Tapsin Caliente Limonada Noche 5 Grs.,615,ketoprofeno,https://d1tjllbjmslitt.cloudfront.net/spree/products/15864/small/1996965.jpg?1641480320
Aspirina 500mg 40 Comprimidos,3392,ketoprofeno,https://d1tjllbjmslitt.cloudfront.net/spree/products/46653/small/150020.jpeg?1641476791
Nastigrip 18 Comprimidos,2959,ketoprofeno,https://d1tjllbjmslitt.cloudfront.net/spree/products/4144/small/2590330.jpg?1641482461
Tapsin Caliente Limonada Día 5 Grs.,615.0,ketoprofeno,https://d1tjllbjmslitt.cloudfront.net/spree/products/15867/small/1991101.jpg?1641480320
Ibuprofeno (B) 200mg 20 Comprimidos Recubiertos,1231,ketoprofeno,https://d1tjllbjmslitt.cloudfront.net/spree/products/49249/small/1218005.jpg?1641329860
Broncard Levodropropizina 60mg/10ml Jarabe 120ml,11986,ketoprofeno,https://d1tjllbjmslitt.cloudfront.net/spree/products/33606/small/1722860.jpg?1641477588
Muxol Adulto Ambroxol Jarabe 100ml,4215.0,ketoprofeno,https://d1tjllbjmslitt.cloudfront.net/spree/products/23093/small/2979230.jpg?1641479949
Apósitos Postparto Mimi Plenitud 40 Unidades,6500.0,ketoprofeno,https://d1tjllbjmslitt.cloudfront.net/spree/products/89084/small/7421000.jpg?1678301589
Limpiador Facial Effaclar Gel Microexfoliante 400 ml,20499.0,ketoprofeno,https://d1tjllbjmslitt.cloudfront.net/spree/products/85244/small/574616-1.jpg?1670971440
Caramelos de propóleo miel ,1399.0,ketoprofeno,https://d1tjllbjmslitt.cloudfront.net/spree/products/28991/small/8093062_PROPOLEO_X10UNID.jpg?1641477852
Engystol medicamento antiviral,19183.0,ketoprofeno,https://d1tjllbjmslitt.cloudfront.net/spree/products/31119/small/8270009.jpg?1641477768
Supracalm (B) Paracetamol 20 Comprimidos,11527.0,ketoprofeno,https://d1tjllbjmslitt.cloudfront.net/spree/products/28532/small/3110454.jpg?1641477896
Xumadol 1g 20 Sobres Efervescentes,8975,ketoprofeno,https://d1tjllbjmslitt.cloudfront.net/spree/products/71819/small/340011.jpg?1651588757
Domperidona (B) 10mg x 20 Comprimidos,1143.0,ketoprofeno,https://d1tjllbjmslitt.cloudfront.net/spree/products/79992/small/1763119.jpg?1663182111
Ibuprofeno (B) 400mg 20 Comprimidos,1671.0,ketoprofeno,https://d1tjllbjmslitt.cloudfront.net/spree/products/28715/small/437127.jpg?1641477867
Zopiclona 7.5mg x 30 Comprimidos Recubiertos,2815,zopiclona,https://d1tjllbjmslitt.cloudfront.net/spree/products/72375/small/2630170.jpg?1652230953
Zopiclona (B) 7.5mg 30 Comprimidos Recubiertos,3299,zopiclona,https://d1tjllbjmslitt.cloudfront.net/spree/products/86740/small/583098-1.jpg?1674490380
Sertralina (B) 50mg 30 Comprimidos,3167.0,zopiclona,https://d1tjllbjmslitt.cloudfront.net/spree/products/28684/small/430595.jpg?1641477871
ESCITALOPRAM 10mg ORAL SOLIDO,5367,zopiclona,https://d1tjllbjmslitt.cloudfront.net/spree/products/81607/small/8801023.jpg?1665775930
Zopinom Eszopiclona 3mg 30 Comprimidos Recubiertos,8271.0,zopiclona,https://d1tjllbjmslitt.cloudfront.net/spree/products/44620/small/434721_%281%29.jpg?1641476900
Escitalopram (B) 10mg 30 Comprimidos Recubiertos,7567.0,zopiclona,https://d1tjllbjmslitt.cloudfront.net/spree/products/27763/small/438344.jpg?1641479713
Ciclobenzaprina (B) 10mg 20 Comprimidos Recubiertos,2287,zopiclona,https://d1tjllbjmslitt.cloudfront.net/spree/products/28719/small/437463.jpg?1641477866
Fluoxetina (B) 20mg 20 Comprimidos,1671,zopiclona,https://d1tjllbjmslitt.cloudfront.net/spree/products/28713/small/436765.jpg?1641477867
Esomeprazol (B) 40mg 30 Comprimidos,4663,zopiclona,https://d1tjllbjmslitt.cloudfront.net/spree/products/37361/small/1768569.jpg?1641477300
Melatonina 3mg 30 Cápsulas,6775,zopiclona,https://d1tjllbjmslitt.cloudfront.net/spree/products/67324/small/melatonina.jpg?1643980890
Quetiapina (B) 25mg 30 Comprimidos Recubiertos,7039.0,zopiclona,https://d1tjllbjmslitt.cloudfront.net/spree/products/59707/small/430663.jpg?1641329018
Vantux Max aminoacidos con zinc,15919,zopiclona,https://d1tjllbjmslitt.cloudfront.net/spree/products/50914/small/2510192---VANTUX-MAX-60CAP.jpg?1641329742
Neurexan 50 Comprimidos Sublingual,13815.0,zopiclona,https://d1tjllbjmslitt.cloudfront.net/spree/products/49394/small/8270094.jpg?1641329851
Kitadol (B) Paracetamol 500mg 24 Comprimidos,1495.0,zopiclona,https://d1tjllbjmslitt.cloudfront.net/spree/products/47493/small/430924-2.jpg?1641476750
Ozempic Semaglutida 2mg/1.5ml Inyectable 1 Dispositivo 6 Agujas,173183.0,zopiclona,https://d1tjllbjmslitt.cloudfront.net/spree/products/50906/small/575180-Ozempic-2mg-1_5mL_2.jpg?1641329743
Serum Express Aclara 30 ml,10399.0,zopiclona,https://d1tjllbjmslitt.cloudfront.net/spree/products/58767/small/579110-1.jpg?1641329091
Timolol (B) 0.5% Solucion Oftalmica 10ml,3343,zopiclona,https://d1tjllbjmslitt.cloudfront.net/spree/products/37345/small/1763297.jpg?1641477301
Nirvan (B) Eszopiclona 2mg 40 Comprimidos Recubiertos,8469.0,zopiclona,https://d1tjllbjmslitt.cloudfront.net/spree/products/57306/small/2972696.jpg?1641329185
Melatonina 3mg 30 Cápsulas,7127,zopiclona,https://d1tjllbjmslitt.cloudfront.net/spree/products/35462/small/8090101.jpg?1641477409
Zometic (B) 7.5mg 30 Comprimidos Recubiertos,5624.0,zopiclona,https://d1tjllbjmslitt.cloudfront.net/spree/products/57230/small/2984010.jpg?1641329190
Clobetasol 0.05% Crema Topica 25gr,2815,zopiclona,https://d1tjllbjmslitt.cloudfront.net/spree/products/37333/small/1763279.jpg?1641477302
Trittico Trazodona 100mg 20 Comprimidos Recubiertos,23999,zopiclona,https://d1tjllbjmslitt.cloudfront.net/spree/products/27729/small/437300.jpg?1641479718
Paxon Buspirona 10mg 20 Comprimidos,10219,zopiclona,https://d1tjllbjmslitt.cloudfront.net/spree/products/28400/small/2979300.jpg?1641479653
Omeprazol (B) 20mg 30 Cápsulas,1671.0,zopiclona,https://d1tjllbjmslitt.cloudfront.net/spree/products/28681/small/430270.jpg?1641477872
Nervpheel N 50 Comprimidos Sublingual,16015,zopiclona,https://d1tjllbjmslitt.cloudfront.net/spree/products/31117/small/8270008.jpg?1641477768
Trimebutino (B) 100mg 20 Comprimidos,1935.0,zopiclona,https://d1tjllbjmslitt.cloudfront.net/spree/products/49804/small/2201151.jpg?1641329826
Hidrasec 100mg 9Cap.,11351,zopiclona,https://d1tjllbjmslitt.cloudfront.net/spree/products/44991/small/758029_%281%29.jpg?1641476879
Losopil (B) 7.5mg 30 Comprimidos Recubiertos,5455,zopiclona,https://d1tjllbjmslitt.cloudfront.net/spree/products/60161/small/2100085.jpg?1641328993
Radigen (B) Risperidona 1mg/ml Gotas 30ml,17423,zopiclona,https://d1tjllbjmslitt.cloudfront.net/spree/products/45292/small/2100105_%281%29.jpg?1641476863
B-Complex,11499.0,zopiclona,https://d1tjllbjmslitt.cloudfront.net/spree/products/32909/small/9033068.jpg?1641477636
Ketorolaco 10mg 10 Comprimidos Recubiertos,1319.0,zopiclona,https://d1tjllbjmslitt.cloudfront.net/spree/products/28725/small/439841.jpg?1641477865
Salonpas Analgésico 10 Parches,3783.0,zopiclona,https://d1tjllbjmslitt.cloudfront.net/spree/products/23072/small/1711802.jpg?1641479949
Divaril (B) Mirtazapina 30mg 30 Comprimidos Recubiertos,24289.0,zopiclona,https://d1tjllbjmslitt.cloudfront.net/spree/products/28530/small/3110451.jpg?1641477896
Dreams Vitaminlife 60 Gummies,13199,zopiclona,https://d1tjllbjmslitt.cloudfront.net/spree/products/74694/small/582061_gummies_dreams.jpg?1654881194
Ketoprofeno (B) 50mg x 20 Cápsulas,2375,zopiclona,https://d1tjllbjmslitt.cloudfront.net/spree/products/83862/small/2202026.jpg?1668457177
Vexa 20 (B) Drospirenona / Etinilestradiol 28 Comprimidos Recubiertos,15399.0,zopiclona,https://d1tjllbjmslitt.cloudfront.net/spree/products/51061/small/435445.jpg?1641329733
Ketoprofeno (B) 50mg 20 Cápsulas,2199.0,zopiclona,https://d1tjllbjmslitt.cloudfront.net/spree/products/27746/small/437795.jpg?1641479715
Vexa CD (B) Drospirenona / Etinilestradiol 28 Comprimidos Recubiertos,15839.0,zopiclona,https://d1tjllbjmslitt.cloudfront.net/spree/products/51062/small/439868.jpg?1641329733
Esomeprazol 20 mg 30 Comprimidos Recubiertos,5191,zopiclona,https://d1tjllbjmslitt.cloudfront.net/spree/products/37363/small/573517.jpg?1641477300
Ozempic Semaglutida 4mg/3ml Inyectable 1 Dispositivo 4 Agujas,257575.0,zopiclona,https://d1tjllbjmslitt.cloudfront.net/spree/products/50904/small/575179-Ozempic-4mg-3mL.jpg?1641329743
Biotin Plus x 60 Gummies          ,14999.0,zopiclona,https://d1tjllbjmslitt.cloudfront.net/spree/products/74698/small/582064_gummies_biotin.jpg?1654882169
Vibien (B) Nafazolina 0.012% Solución Oftálmica 15ml,2999,zopiclona,https://d1tjllbjmslitt.cloudfront.net/spree/products/89270/small/584162.jpg?1678308769
Perenteryl 250 Mg. 10 Cápsulas,13727,zopiclona,https://d1tjllbjmslitt.cloudfront.net/spree/products/22848/small/1046929.jpg?1641479959
Ibuprofeno (B) 600 mg x 20 Comprimidos,1847.0,zopiclona,https://d1tjllbjmslitt.cloudfront.net/spree/products/86001/small/1768333.jpg?1671802354
Shampoo Contra la Caída del Cabello,6399,zopiclona,https://d1tjllbjmslitt.cloudfront.net/spree/products/58186/small/2510232.jpg?1641329129
Ciblex (B) Mirtazapina 15mg 30 Comprimidos Recubiertos,22703,zopiclona,https://d1tjllbjmslitt.cloudfront.net/spree/products/40233/small/2831621-1.jpg?1641477148
Paxon Buspirona 5mg 20 Comprimidos,7839.0,zopiclona,https://d1tjllbjmslitt.cloudfront.net/spree/products/28399/small/2979280.jpg?1641479653
Schick Xtrem3 Sensible x2,3199.0,zopiclona,https://d1tjllbjmslitt.cloudfront.net/spree/products/75043/small/Blisterx2_Frente_PielSensible.jpg?1655919579
YO! Pack Rasuradora Femenina Desechables,2099.0,zopiclona,https://d1tjllbjmslitt.cloudfront.net/spree/products/58848/small/4100704.jpg?1641329083
Vitamin C,7399.0,zopiclona,https://d1tjllbjmslitt.cloudfront.net/spree/products/32875/small/9030020.jpg?1641477640
Diazepam (B) 10mg 20 Comprimidos,967,diazepam,https://d1tjllbjmslitt.cloudfront.net/spree/products/74957/small/430600-1.jpg?1655740006
Omeprazol (B) 20mg 30 Cápsulas,1671.0,diazepam,https://d1tjllbjmslitt.cloudfront.net/spree/products/28681/small/430270.jpg?1641477872
Kitadol (B) Paracetamol 500mg 24 Comprimidos,1495.0,diazepam,https://d1tjllbjmslitt.cloudfront.net/spree/products/47493/small/430924-2.jpg?1641476750
Deroxat CR Paroxetina 25 mg 30 Comprimidos,35991.0,diazepam,https://d1tjllbjmslitt.cloudfront.net/spree/products/27900/small/1008306.jpg?1641479698
Ravotril Clonazepam 2mg 30 Comprimidos,14343.0,diazepam,https://d1tjllbjmslitt.cloudfront.net/spree/products/85171/small/fotos_con_huincha_%289%29.jpg?1670949105
Neuryl (B) Clonazepam 2mg 30 Comprimidos,9379,diazepam,https://d1tjllbjmslitt.cloudfront.net/spree/products/85154/small/fotos_con_huincha_%281%29.jpg?1670948258
Clozanil (B) 2mg 30 Comprimidos,11263,diazepam,https://d1tjllbjmslitt.cloudfront.net/spree/products/85185/small/fotos_con_huincha_%2816%29.jpg?1670950132
Quetiapina (B) 25mg 30 Comprimidos Recubiertos,7039.0,diazepam,https://d1tjllbjmslitt.cloudfront.net/spree/products/59707/small/430663.jpg?1641329018
VapoRub Ungüento 50g,1407,diazepam,https://d1tjllbjmslitt.cloudfront.net/spree/products/59499/small/439996.jpg?1641329033
Zubam ODT Clotiazepam 10mg 30 Comprimidos Dispersables,12399,diazepam,https://d1tjllbjmslitt.cloudfront.net/spree/products/90903/small/fotos-con-huincha-430302.jpg?1680726659
Tramadol Clorhidrato (B) 50 mg x 10 Cápsulas,3079,diazepam,https://d1tjllbjmslitt.cloudfront.net/spree/products/72365/small/2202049.jpg?1652221592
Zopinom Eszopiclona 3mg 30 Comprimidos Recubiertos,8271.0,diazepam,https://d1tjllbjmslitt.cloudfront.net/spree/products/44620/small/434721_%281%29.jpg?1641476900
Ciclobenzaprina (B) 10mg 20 Comprimidos Recubiertos,2287,diazepam,https://d1tjllbjmslitt.cloudfront.net/spree/products/28719/small/437463.jpg?1641477866
Zopiclona 7.5mg x 30 Comprimidos Recubiertos,2815,diazepam,https://d1tjllbjmslitt.cloudfront.net/spree/products/72375/small/2630170.jpg?1652230953
Valpax (B) Clonazepam 2mg 30 Comprimidos,14255.0,diazepam,https://d1tjllbjmslitt.cloudfront.net/spree/products/85169/small/fotos_con_huincha_%285%29.jpg?1670949045
Somnipax (B) Zolpidem 10mg 30 Comprimidos,16239,diazepam,https://d1tjllbjmslitt.cloudfront.net/spree/products/85160/small/fotos_con_huincha_%283%29.jpg?1670948475
Bupredol 150mg 30 Comprimidos,17951,diazepam,https://d1tjllbjmslitt.cloudfront.net/spree/products/57232/small/2984142.jpg?1641329190
Atenolol (B) 50mg 20 Comprimidos,967,diazepam,https://d1tjllbjmslitt.cloudfront.net/spree/products/28702/small/433887.jpg?1641477868
Creatine Monohydrate X300g,36999.0,diazepam,https://d1tjllbjmslitt.cloudfront.net/spree/products/28993/small/CRETINE-300-GR.jpg?1641477852
Ensure Advance Vainilla,24899.0,diazepam,https://d1tjllbjmslitt.cloudfront.net/spree/products/34239/small/19926.jpg?1641477537
Zubam ODT Clotiazepam 5mg 30 Comprimidos Dispersables,7839,diazepam,https://d1tjllbjmslitt.cloudfront.net/spree/products/90901/small/fotos-con-huincha-ISP-2-430303.jpg?1680726605
Paracetamol (B) 16 Comprimidos,1143.0,diazepam,https://d1tjllbjmslitt.cloudfront.net/spree/products/28695/small/432432.jpg?1641477870
Losartan (B) 50mg 30 Comprimidos Recubiertos,2727.0,diazepam,https://d1tjllbjmslitt.cloudfront.net/spree/products/28714/small/436798.jpg?1641477867
100% WHEY PROTEIN CHOCO. VLPRO 2LB VITAMINLIFE,43999,diazepam,https://d1tjllbjmslitt.cloudfront.net/spree/products/32946/small/573405.jpg?1641477629
Deroxat Cr 12.5mg 30 Comprimidos,26575.0,diazepam,https://d1tjllbjmslitt.cloudfront.net/spree/products/35206/small/1008405.jpg?1641477434
Advance Chocolate en Polvo,24899.0,diazepam,https://d1tjllbjmslitt.cloudfront.net/spree/products/33407/small/1020069.jpg?1641477598
Ibuprofeno (B) 600 mg x 20 Comprimidos,1847.0,diazepam,https://d1tjllbjmslitt.cloudfront.net/spree/products/86001/small/1768333.jpg?1671802354
Valpax (B) Clonazepam 0.5mg 30 Comprimidos,7127,diazepam,https://d1tjllbjmslitt.cloudfront.net/spree/products/85162/small/fotos_con_huincha_%284%29.jpg?1670948779
Ravotril Clonazepam 0.5 mg x 30 Comprimidos,7039.0,diazepam,https://d1tjllbjmslitt.cloudfront.net/spree/products/74963/small/2860605-1.jpg?1655753990
Bupredol 150mg 60 Comprimidos Recubiertos,23774.0,diazepam,https://d1tjllbjmslitt.cloudfront.net/spree/products/58234/small/2980009.jpg?1641329126
Tramadol 50mg 10 Cápsulas,3224.0,diazepam,https://d1tjllbjmslitt.cloudfront.net/spree/products/74722/small/2980466.jpg?1654889245
ESCITALOPRAM 10mg ORAL SOLIDO,5367,diazepam,https://d1tjllbjmslitt.cloudfront.net/spree/products/81607/small/8801023.jpg?1665775930
Omeprazol (B) 20mg 60 Cápsulas,3255.0,diazepam,https://d1tjllbjmslitt.cloudfront.net/spree/products/27539/small/430271.jpg?1641479730
Ketorolaco 10mg 10 Comprimidos Recubiertos,1319.0,diazepam,https://d1tjllbjmslitt.cloudfront.net/spree/products/28725/small/439841.jpg?1641477865
100% Whey Protein Cookies And Cream 2lb Vitaminlife,43999.0,diazepam,https://d1tjllbjmslitt.cloudfront.net/spree/products/32949/small/9033334.jpg?1641477629
Tapsin Caliente Limonada Día 6 Sobres,3431.0,diazepam,https://d1tjllbjmslitt.cloudfront.net/spree/products/24108/small/1990181.jpg?1641479893
Rize (R) Clotiazepam 10mg 30 Comprimidos Recubiertos,18199.0,diazepam,https://d1tjllbjmslitt.cloudfront.net/spree/products/85189/small/fotos_con_huincha_%286%29.jpg?1670950336
Kitadol Parcetamol Infantil 16 Comprimidos Masticables,3167.0,diazepam,https://d1tjllbjmslitt.cloudfront.net/spree/products/26244/small/438063.1.jpg?1641479791
Ketoprofeno (B) 50mg 20 Cápsulas,2199.0,diazepam,https://d1tjllbjmslitt.cloudfront.net/spree/products/27746/small/437795.jpg?1641479715
Advance Frutilla,24899.0,diazepam,https://d1tjllbjmslitt.cloudfront.net/spree/products/33408/small/1020068.jpg?1641477598
Losartan (B) 50mg x 30 Comprimidos,1759,diazepam,https://d1tjllbjmslitt.cloudfront.net/spree/products/79988/small/1763151.jpg?1663180691
Tapsin Caliente Limonada Noche 6 Sobres,3431.0,diazepam,https://d1tjllbjmslitt.cloudfront.net/spree/products/24110/small/1993124.jpg?1641479893
Ibuprofeno (B) 400mg 20 Comprimidos Recubiertos,1319.0,diazepam,https://d1tjllbjmslitt.cloudfront.net/spree/products/74720/small/1218000.jpg?1654888925
Tapsin Caliente Limonada Noche 5 Grs.,615,diazepam,https://d1tjllbjmslitt.cloudfront.net/spree/products/15864/small/1996965.jpg?1641480320
Amlodipino 5mg 30 Comprimidos,2815.0,diazepam,https://d1tjllbjmslitt.cloudfront.net/spree/products/36331/small/1763105.jpg?1641477361
Atorvastatina (B) 20mg 30 Comprimidos Recubiertos,2815.0,diazepam,https://d1tjllbjmslitt.cloudfront.net/spree/products/28680/small/430155.jpg?1641477872
Esomeprazol (B) 40mg 30 Comprimidos,4663,diazepam,https://d1tjllbjmslitt.cloudfront.net/spree/products/37361/small/1768569.jpg?1641477300
Clonex CD Clonazepam 2mg 30 Comprimidos Dispersables,10639.0,diazepam,https://d1tjllbjmslitt.cloudfront.net/spree/products/85179/small/fotos_con_huincha_%2813%29.jpg?1670949499
Advance Vainilla,10964,diazepam,https://d1tjllbjmslitt.cloudfront.net/spree/products/56787/small/10397-1.jpg?1641329230
Acido Acetilsalicilico 100 Mg. 100 Comprimidos,3783.0,diazepam,https://d1tjllbjmslitt.cloudfront.net/spree/products/46665/small/151652.jpeg?1641476789
Naproxeno (B) 550mg 10 Comprimidos Recubiertos,3519.0,naproxeno,https://d1tjllbjmslitt.cloudfront.net/spree/products/66188/small/437639.jpg?1641917671
Kitadol (B) Paracetamol 500mg 24 Comprimidos,1495.0,naproxeno,https://d1tjllbjmslitt.cloudfront.net/spree/products/47493/small/430924-2.jpg?1641476750
Paracetamol (B) 16 Comprimidos,1143.0,naproxeno,https://d1tjllbjmslitt.cloudfront.net/spree/products/28695/small/432432.jpg?1641477870
Eurogesic Adulto Naproxeno Sódico 10 Comprimidos Recubiertos,3893.0,naproxeno,https://d1tjllbjmslitt.cloudfront.net/spree/products/22881/small/2970274.jpg?1641479958
Trio Val Día y Noche 20 Comprimidos,5099,naproxeno,https://d1tjllbjmslitt.cloudfront.net/spree/products/28405/small/2979381.jpg?1641479652
Tapsin Caliente Limonada Día 6 Sobres,3431.0,naproxeno,https://d1tjllbjmslitt.cloudfront.net/spree/products/24108/small/1990181.jpg?1641479893
Tapsin Caliente Limonada Noche 6 Sobres,3431.0,naproxeno,https://d1tjllbjmslitt.cloudfront.net/spree/products/24110/small/1993124.jpg?1641479893
Eurogesic Forte (B) Naproxeno 550mg 10 Comprimidos Recubiertos,5543.0,naproxeno,https://d1tjllbjmslitt.cloudfront.net/spree/products/28177/small/2970398.jpg?1641479673
Nastizol Día-Noche 18 Comprimidos,3759.0,naproxeno,https://d1tjllbjmslitt.cloudfront.net/spree/products/28079/small/2590079.jpg?1641479681
Ibuprofeno (B) 600 mg x 20 Comprimidos,1847.0,naproxeno,https://d1tjllbjmslitt.cloudfront.net/spree/products/86001/small/1768333.jpg?1671802354
Nenitos Pack Toallitas Húmedas 160 Unidades,2199,naproxeno,https://d1tjllbjmslitt.cloudfront.net/spree/products/58901/small/4100568.jpg?1641329081
Xumadol 1g. 20 Comprimidos,7919,naproxeno,https://d1tjllbjmslitt.cloudfront.net/spree/products/23240/small/340180.jpg?1641479941
Broncard Levodropropizina 60mg/10ml Jarabe 120ml,11986,naproxeno,https://d1tjllbjmslitt.cloudfront.net/spree/products/33606/small/1722860.jpg?1641477588
Ácido Mefenámico 500mg 10 Comprimidos,1583.0,naproxeno,https://d1tjllbjmslitt.cloudfront.net/spree/products/66694/small/437388.jpg?1642625676
Nartan (B) Naratriptan 2.5mg 10 Comprimidos Recubiertos,16015.0,naproxeno,https://d1tjllbjmslitt.cloudfront.net/spree/products/27743/small/437789.jpg?1641479715
Kitadol Duo Ibuprofeno/Paracetamol 10 Comprimidos Recubiertos,3343.0,naproxeno,https://d1tjllbjmslitt.cloudfront.net/spree/products/66136/small/579036.jpg?1641491818
Ciclobenzaprina (B) 10mg 20 Comprimidos Recubiertos,2287,naproxeno,https://d1tjllbjmslitt.cloudfront.net/spree/products/28719/small/437463.jpg?1641477866
Ketorolaco 10mg 10 Comprimidos Recubiertos,1319.0,naproxeno,https://d1tjllbjmslitt.cloudfront.net/spree/products/28725/small/439841.jpg?1641477865
Ibuprofeno (B) 600mg 20 Comprimidos,2727.0,naproxeno,https://d1tjllbjmslitt.cloudfront.net/spree/products/28716/small/437135.jpg?1641477867
Ibuprofeno (B) 200mg 20 Comprimidos Recubiertos,1231,naproxeno,https://d1tjllbjmslitt.cloudfront.net/spree/products/49249/small/1218005.jpg?1641329860
Tapsin Dn 12/6Com.,3519,naproxeno,https://d1tjllbjmslitt.cloudfront.net/spree/products/22712/small/1990216.jpg?1641479965
Broncatox (B) Levodropropizina 60mg/10ml Jarabe 120ml,7749.0,naproxeno,https://d1tjllbjmslitt.cloudfront.net/spree/products/28298/small/2972424.jpg?1641479662
Keval Eletriptán 40mg 6 Comprimidos Recubiertos,17951.0,naproxeno,https://d1tjllbjmslitt.cloudfront.net/spree/products/28349/small/2973757.jpg?1641479659
Acotol 28 Comprimidos Recubiertos,14167.0,naproxeno,https://d1tjllbjmslitt.cloudfront.net/spree/products/25708/small/2834786.jpg?1641479812
Tapsin Caliente Limonada Noche 5 Grs.,615,naproxeno,https://d1tjllbjmslitt.cloudfront.net/spree/products/15864/small/1996965.jpg?1641480320
Cobefen 30 Comprimidos,8095,naproxeno,https://d1tjllbjmslitt.cloudfront.net/spree/products/60847/small/2980401.jpg?1641328944
Azitromicina (B) 500mg 6 Comprimidos Recubiertos,3167.0,naproxeno,https://d1tjllbjmslitt.cloudfront.net/spree/products/27713/small/436125.jpg?1641479717
Propóleo en Spray,4699.0,naproxeno,https://d1tjllbjmslitt.cloudfront.net/spree/products/22348/small/8093148_Propoleo30ML_nueva.jpg?1641479984
Femelle 20 Drospirenona / Etinilestradiol 28 Comprimidos Recubiertos,15751.0,naproxeno,https://d1tjllbjmslitt.cloudfront.net/spree/products/43701/small/2830598_1.jpg?1641476954
Trimebutino (B) 100mg 20 Comprimidos,1935.0,naproxeno,https://d1tjllbjmslitt.cloudfront.net/spree/products/49804/small/2201151.jpg?1641329826
Viadil Forte Pargeverina 10mg/ml Oral Gotas 15ml,7039.0,naproxeno,https://d1tjllbjmslitt.cloudfront.net/spree/products/41463/small/7730698014869_1.jpg?1641477080
Muxol Adulto Ambroxol Jarabe 100ml,4215.0,naproxeno,https://d1tjllbjmslitt.cloudfront.net/spree/products/23093/small/2979230.jpg?1641479949
Bagomigral (B) Naratriptan 2.5mg 10 Comprimidos Recubiertos,14959.0,naproxeno,https://d1tjllbjmslitt.cloudfront.net/spree/products/40366/small/2590187-1.jpg?1641477140
Paltomiel Adulto Jarabe 200ml,3849,naproxeno,https://d1tjllbjmslitt.cloudfront.net/spree/products/22766/small/8111400.jpg?1641479963
Propóleo de miel/eucaliptus en caramelos,1399.0,naproxeno,https://d1tjllbjmslitt.cloudfront.net/spree/products/28992/small/8099360_PROPOLEOMIELEUCALIPTUS.jpg?1641477852
Flemex J.A.T. Forte (B) Jarabe 120ml,14431.0,naproxeno,https://d1tjllbjmslitt.cloudfront.net/spree/products/50039/small/2832549_1.jpg?1641329814
Tapsin Caliente Antigripal Compuesto Día Limón 6 Sobres ,2639,naproxeno,https://d1tjllbjmslitt.cloudfront.net/spree/products/71797/small/579234.jpg?1651532283
Amoxicilina 500mg x 21 Cápsulas,3519,naproxeno,https://d1tjllbjmslitt.cloudfront.net/spree/products/82058/small/2636062.jpg?1666356729
Eucerin Protector Solar Oil Control,16799,naproxeno,https://d1tjllbjmslitt.cloudfront.net/spree/products/55770/small/244090-1.jpg?1641329305
Panbio Test Antígeno Covid-19,9999.0,naproxeno,https://d1tjllbjmslitt.cloudfront.net/spree/products/65598/small/580821.jpg?1641328706
Propóleo Jengibre spray,4399,naproxeno,https://d1tjllbjmslitt.cloudfront.net/spree/products/22352/small/8093069_Propoleo30ML-_JENGIBRE_nueva.jpg?1641479984
Neoalertop (B) Levocetirizina 5mg 30 Comprimidos Recubiertos,6659,naproxeno,https://d1tjllbjmslitt.cloudfront.net/spree/products/27728/small/437296.jpg?1641479716
Domperidona (B) 10mg x 20 Comprimidos,1143.0,naproxeno,https://d1tjllbjmslitt.cloudfront.net/spree/products/79992/small/1763119.jpg?1663182111
Hidratación Nocturna Elvive Hidra Hialúronico 200 ml,6499.0,naproxeno,https://d1tjllbjmslitt.cloudfront.net/spree/products/85607/small/583099-1.jpg?1671133725
La Roche Posay Bálsamo Cicaplast Baume B5+,8599,naproxeno,https://d1tjllbjmslitt.cloudfront.net/spree/products/90859/small/3971299-1.JPG?1680638257
Slinda Drospirenona 4mg 28 Comprimidos Recubiertos,18391.0,naproxeno,https://d1tjllbjmslitt.cloudfront.net/spree/products/36350/small/slinda_%281%29.jpg?1641477358
Test Rápido de Antígenos Covid-19,5999.0,naproxeno,https://d1tjllbjmslitt.cloudfront.net/spree/products/67388/small/3896262-1.jpg?1644002345
Máscara de Pestañas Maybelline Lash Sensational Sky High,11099,naproxeno,https://d1tjllbjmslitt.cloudfront.net/spree/products/70982/small/581800-1.jpg?1650474181
Ciclomex 20 CD 28 Comprimidos Recubiertos,12143.0,naproxeno,https://d1tjllbjmslitt.cloudfront.net/spree/products/44671/small/7800026123577_1.jpg?1641476897
Xumadol 1g 20 Sobres Efervescentes,8975,naproxeno,https://d1tjllbjmslitt.cloudfront.net/spree/products/71819/small/340011.jpg?1651588757
Ibuprofeno (B) 600 mg x 20 Comprimidos,1847.0,ibuprofeno,https://d1tjllbjmslitt.cloudfront.net/spree/products/86001/small/1768333.jpg?1671802354
Kitadol (B) Paracetamol 500mg 24 Comprimidos,1495.0,ibuprofeno,https://d1tjllbjmslitt.cloudfront.net/spree/products/47493/small/430924-2.jpg?1641476750
Ibuprofeno (B) 400mg 20 Comprimidos Recubiertos,1319.0,ibuprofeno,https://d1tjllbjmslitt.cloudfront.net/spree/products/74720/small/1218000.jpg?1654888925
Ibuprofeno (B) 600mg 20 Comprimidos,2727.0,ibuprofeno,https://d1tjllbjmslitt.cloudfront.net/spree/products/28716/small/437135.jpg?1641477867
Paracetamol (B) 16 Comprimidos,1143.0,ibuprofeno,https://d1tjllbjmslitt.cloudfront.net/spree/products/28695/small/432432.jpg?1641477870
Ibuprofeno Jarabe 100ml,2815,ibuprofeno,https://d1tjllbjmslitt.cloudfront.net/spree/products/28718/small/437372.jpg?1641477866
Kitadol Duo Ibuprofeno/Paracetamol 10 Comprimidos Recubiertos,3343.0,ibuprofeno,https://d1tjllbjmslitt.cloudfront.net/spree/products/66136/small/579036.jpg?1641491818
Ibuprofeno (B) 200mg 20 Comprimidos Recubiertos,1231,ibuprofeno,https://d1tjllbjmslitt.cloudfront.net/spree/products/49249/small/1218005.jpg?1641329860
Ibuprofeno (B) 400mg 20 Comprimidos,1671.0,ibuprofeno,https://d1tjllbjmslitt.cloudfront.net/spree/products/28715/small/437127.jpg?1641477867
Ibuprofeno 200mg Jarabe 100ml,5719,ibuprofeno,https://d1tjllbjmslitt.cloudfront.net/spree/products/72773/small/577406.jpg?1652302690
Tapsin Caliente Limonada Noche 6 Sobres,3431.0,ibuprofeno,https://d1tjllbjmslitt.cloudfront.net/spree/products/24110/small/1993124.jpg?1641479893
Trio Val Día y Noche 20 Comprimidos,5099,ibuprofeno,https://d1tjllbjmslitt.cloudfront.net/spree/products/28405/small/2979381.jpg?1641479652
Tapsin Caliente Limonada Día 6 Sobres,3431.0,ibuprofeno,https://d1tjllbjmslitt.cloudfront.net/spree/products/24108/small/1990181.jpg?1641479893
Tapsin Caliente Limonada Noche 5 Grs.,615,ibuprofeno,https://d1tjllbjmslitt.cloudfront.net/spree/products/15864/small/1996965.jpg?1641480320
Nastizol Día-Noche 18 Comprimidos,3759.0,ibuprofeno,https://d1tjllbjmslitt.cloudfront.net/spree/products/28079/small/2590079.jpg?1641479681
Abrilar Jarabe 100 Ml,4399.0,ibuprofeno,https://d1tjllbjmslitt.cloudfront.net/spree/products/4180/small/2570513.jpg?1641482460
Ipson Forte Infantil Ibuprofeno 120ml,10799,ibuprofeno,https://d1tjllbjmslitt.cloudfront.net/spree/products/23150/small/2971444.jpg?1641479946
Tapsin Caliente Limonada Día 5 Grs.,615.0,ibuprofeno,https://d1tjllbjmslitt.cloudfront.net/spree/products/15867/small/1991101.jpg?1641480320
Nenitos Pack Toallitas Húmedas 160 Unidades,2199,ibuprofeno,https://d1tjllbjmslitt.cloudfront.net/spree/products/58901/small/4100568.jpg?1641329081
Kitadol Parcetamol Infantil 16 Comprimidos Masticables,3167.0,ibuprofeno,https://d1tjllbjmslitt.cloudfront.net/spree/products/26244/small/438063.1.jpg?1641479791
Xumadol 1g. 20 Comprimidos,7919,ibuprofeno,https://d1tjllbjmslitt.cloudfront.net/spree/products/23240/small/340180.jpg?1641479941
Test Rápido de Antígenos Covid-19,5999.0,ibuprofeno,https://d1tjllbjmslitt.cloudfront.net/spree/products/67388/small/3896262-1.jpg?1644002345
Paracetamol Gotas 15ml,1407.0,ibuprofeno,https://d1tjllbjmslitt.cloudfront.net/spree/products/28703/small/434052.jpg?1641477868
Tapsin Dn 12/6Com.,3519,ibuprofeno,https://d1tjllbjmslitt.cloudfront.net/spree/products/22712/small/1990216.jpg?1641479965
Ácido Mefenámico 500mg 10 Comprimidos,1583.0,ibuprofeno,https://d1tjllbjmslitt.cloudfront.net/spree/products/66694/small/437388.jpg?1642625676
Paracetamol (B) 16 Comprimidos,1055,ibuprofeno,https://d1tjllbjmslitt.cloudfront.net/spree/products/36317/small/36333.jpg?1641477363
Ketorolaco 10mg 10 Comprimidos Recubiertos,1319.0,ibuprofeno,https://d1tjllbjmslitt.cloudfront.net/spree/products/28725/small/439841.jpg?1641477865
Panbio Test Antígeno Covid-19,9999.0,ibuprofeno,https://d1tjllbjmslitt.cloudfront.net/spree/products/65598/small/580821.jpg?1641328706
Amoxicilina 500mg/5ml Jarabe 60ml,2111,ibuprofeno,https://d1tjllbjmslitt.cloudfront.net/spree/products/39423/small/1763165-1.jpg?1641477196
Clorfenamina (B) 4mg 20 Comprimidos,879.0,ibuprofeno,https://d1tjllbjmslitt.cloudfront.net/spree/products/28697/small/432807.jpg?1641477869
Tapsin Caliente Antigripal Compuesto Día Limón 6 Sobres ,2639,ibuprofeno,https://d1tjllbjmslitt.cloudfront.net/spree/products/71797/small/579234.jpg?1651532283
Paltomiel Adulto Jarabe 200ml,3849,ibuprofeno,https://d1tjllbjmslitt.cloudfront.net/spree/products/22766/small/8111400.jpg?1641479963
Broncard Levodropropizina 60mg/10ml Jarabe 120ml,11986,ibuprofeno,https://d1tjllbjmslitt.cloudfront.net/spree/products/33606/small/1722860.jpg?1641477588
Actron (R) 400mg 20 Capsulas Blandas,5983,ibuprofeno,https://d1tjllbjmslitt.cloudfront.net/spree/products/58513/small/578998-1.jpg?1641329109
Kitadol Parcetamol Infantil Gotas 15ml,3607.0,ibuprofeno,https://d1tjllbjmslitt.cloudfront.net/spree/products/47497/small/430991-2.jpg?1641476750
Bisolvon Adulto Jarabe 125ml,4751,ibuprofeno,https://d1tjllbjmslitt.cloudfront.net/spree/products/74533/small/581952_-_Bisolvon_Adulto_1000x1000.jpg?1654637844
Viadil Forte Pargeverina 10mg/ml Oral Gotas 15ml,7039.0,ibuprofeno,https://d1tjllbjmslitt.cloudfront.net/spree/products/41463/small/7730698014869_1.jpg?1641477080
LORATADINA 10mg ORAL SOLIDO,1143,ibuprofeno,https://d1tjllbjmslitt.cloudfront.net/spree/products/81608/small/1763281.jpg?1665776119
Caramelos de propóleo miel ,1399.0,ibuprofeno,https://d1tjllbjmslitt.cloudfront.net/spree/products/28991/small/8093062_PROPOLEO_X10UNID.jpg?1641477852
Vitamin C,3999,ibuprofeno,https://d1tjllbjmslitt.cloudfront.net/spree/products/32904/small/9032883.jpg?1641477636
Nastigrip 18 Comprimidos,2959,ibuprofeno,https://d1tjllbjmslitt.cloudfront.net/spree/products/4144/small/2590330.jpg?1641482461
AB Antitusivo Noscapina / Clorhexidina 12 Comprimidos Masticables,3233,ibuprofeno,https://d1tjllbjmslitt.cloudfront.net/spree/products/22930/small/2970030.jpg?1641479956
Propóleo Jengibre spray,4399,ibuprofeno,https://d1tjllbjmslitt.cloudfront.net/spree/products/22352/small/8093069_Propoleo30ML-_JENGIBRE_nueva.jpg?1641479984
Broncatox (B) Levodropropizina 60mg/10ml Jarabe 120ml,7749.0,ibuprofeno,https://d1tjllbjmslitt.cloudfront.net/spree/products/28298/small/2972424.jpg?1641479662
Kitadol (B) Paracetamol 1g 18 Comprimidos,7831.0,ibuprofeno,https://d1tjllbjmslitt.cloudfront.net/spree/products/47514/small/435361-2.jpg?1641476749
Ipson Infantil Ibuprofeno 120ml,5809.0,ibuprofeno,https://d1tjllbjmslitt.cloudfront.net/spree/products/22835/small/2971304.jpg?1641479960
Propóleo en Spray,4699.0,ibuprofeno,https://d1tjllbjmslitt.cloudfront.net/spree/products/22348/small/8093148_Propoleo30ML_nueva.jpg?1641479984
Dolorub Ibuprofeno 5% Crema 60g,5807,ibuprofeno,https://d1tjllbjmslitt.cloudfront.net/spree/products/92052/small/1990196.jpg?1682705001
Ketoprofeno 200mg 10 Comprimidos,3959.0,ibuprofeno,https://d1tjllbjmslitt.cloudfront.net/spree/products/43897/small/7800063111445_1.jpg?1641476941
Actron (R) 600mg 20 Capsulas Blandas,10163,ibuprofeno,https://d1tjllbjmslitt.cloudfront.net/spree/products/58509/small/578997-1.jpg?1641329109
